Workbook

Sheet ภาพรวม
A1: CPAC Ready-Mix Concrete Delivery — สรุป Case
A2: Mission 3 Self-created Case | AI Hackathon: Route Optimization 2026 | ฉบับแก้ไข v2
A4: พารามิเตอร์หลัก (Input) | D4: ผลลัพธ์หลัก (เชื่อมสูตรอัตโนมัติ)
A5: คลัง (Depot) | B5: โรงงานผสม CPAC (จุดที่ 1) | D5: จำนวนรถที่ใช้ | E5: =COUNTA('5 เส้นทาง'!A4:A10)&" / "&B8 -> 7 / 8
A6: ไซต์ก่อสร้าง (แห่ง) | B6: 15 | D6: ระยะทางรวม (กม.) | E6: ='5 เส้นทาง'!F11 -> 247
A7: ความจุรถต่อคัน (ลบ.ม.) | B7: 10 | D7: ปริมาณที่ส่งรวม (ลบ.ม.) | E7: =SUM('2 ข้อมูล'!E4:E19) -> 60
A8: จำนวนรถที่มี (คัน) | B8: 8 | D8: ผ่านเงื่อนไขความจุ | E8: =IF(COUNTIF('5 เส้นทาง'!D4:D10,">"&B7)=0,"ผ่าน","ไม่ผ่าน") -> ผ่าน
A9: ความเร็วเฉลี่ย (กม./ชม.) | B9: 30 | D9: ผ่านเงื่อนไขความสด | E9: =IF(COUNTIF('5 เส้นทาง'!G4:G10,">"&B11)=0,"ผ่าน","ไม่ผ่าน") -> ผ่าน
A10: เวลาเทต่อไซต์ (นาที) | B10: 10 | D10: Gap เทียบ exact optimum | E10: ='7 เปรียบเทียบ'!E7 -> 0
A11: อายุคอนกรีตสูงสุด (นาที) | B11: 90 | D11: ดีขึ้นกว่า Nearest Neighbor | E11: ='7 เปรียบเทียบ'!B14 -> 0.16554054
D12: CO2 ต่อรอบจ่ายงาน (kg) | E12: ='9 Green'!D12 -> 231.686
A14: สรุปสั้น (Insight)
A15: ถ้าคำนึงแค่ความจุ จะได้แผน 241 กม. / 7 คัน ที่ดูดีบนกระดาษแต่ใช้จริงไม่ได้ (มี 1 เส้นทางถึงไซต์นาทีที่ 94 คอนกรีตเสีย) การซ่อมด้วยการแยกคันอย่างเดียวได้ 270 กม. / 8 คัน ซึ่งผ่านกติกาแต่เปลือง เมื่อให้ local search รู้จักกติกาเวลาด้วย ได้ 247 กม. / 7 คัน เท่ากับ exact optimum — กติกาความสดจึงมีต้นทุนจริงแค่ +6 กม. และไม่ต้องเพิ่มรถ
A19: ลำดับการอ่าน Case นี้:
A20: 1 บริบท -> 2 ข้อมูล -> 3 ข้อจำกัด -> 4 วิธีการ -> 5 เส้นทาง -> 6 ตรวจสอบ -> 7 เปรียบเทียบ -> 8 บทเรียน -> 9 Green

Sheet 1 บริบท
A1: 1. บริบท — โจทย์นี้สนใจอะไร
A2: ทำไมโจทย์นี้ถึงเกิดขึ้น และทำไมต้องมีเงื่อนไขใหม่นอกเหนือจาก 3 benchmark ทางการ
A4: อุตสาหกรรม | B4: SCG-CPAC — ผู้ผลิตและจำหน่ายคอนกรีตผสมเสร็จ (Ready-mix Concrete)
A5: ปัญหา | B5: คอนกรีตเริ่มก่อตัว (แข็งตัว) ทันทีหลังผสมเสร็จที่โรงงาน หากรถใช้เวลาเดินทางไปถึงไซต์นานเกินไป คอนกรีตจะแข็งตัวบางส่วนจนใช้เทไม่ได้ ต้องทิ้งทั้งคัน สร้างความเสียหายทั้งด้านต้นทุนวัสดุและ ความล่าช้าของหน้างานก่อสร้าง
A6: คำถามของโจทย์ | B6: ในหนึ่งรอบการจ่ายงาน โรงงาน CPAC ต้องส่งคอนกรีตไปยังไซต์ก่อสร้าง 15 แห่งพร้อมกัน จะจัดเส้นทาง ให้รถโม่งอย่างไร ให้ส่งครบทุกไซต์ ไม่เกินความจุรถแต่ละคัน และถึงไซต์ทุกแห่งก่อนคอนกรีตหมดอายุ โดยใช้ระยะทางรวมน้อยที่สุด (ประหยัดเชื้อเพลิง ลด CO2)
A7: ทำไมต้องเป็น Case นี้ ไม่ใช่แค่ 3 benchmark ทางการ | B7: A-n32-k5 / B-n31-k5 / P-n40-k5 ทดสอบแค่เงื่อนไขเดียวคือความจุรถ Case นี้เพิ่มมิติที่ 3 benchmark เดิมไม่มี คือ ข้อจำกัดด้านเวลา (freshness window) เพื่อแสดงว่าทีมเข้าใจการประยุกต์ใช้ CVRP กับโลกจริง ไม่ใช่แค่โจทย์ CVRP มาตรฐาน
A8: เชื่อมโยงกับธีม Green Logistics | B8: เส้นทางสั้นลง = ใช้เชื้อเพลิงน้อยลง = CO2 ลดลง แผนสุดท้ายปล่อยประมาณ 232 kg CO2 ต่อรอบ ลดได้ 46 kg ต่อรอบเทียบ Nearest Neighbor ขณะเดียวกันการกันไม่ให้คอนกรีตเสียช่วยเลี่ยงการผลิตซ้ำ ซึ่งปล่อย CO2 จากปูนซีเมนต์สูงกว่าการวิ่งรถเพิ่ม 6 กม. หลายเท่า (รายละเอียดในชีต 9)

Sheet 2 ข้อมูล
A1: 2. ข้อมูล — Dataset ของ Case นี้
A2: CPAC-n16-k8-fresh.txt (รูปแบบ VRPLIB): คลัง 1 จุด + ไซต์ก่อสร้าง 15 แห่ง
A3: จุดที่ | B3: ประเภท | C3: X (กม.) | D3: Y (กม.) | E3: Demand (ลบ.ม.)
A4: 1 | B4: คลัง (Depot) | C4: 20 | D4: 20 | E4: 0
A5: 2 | B5: ไซต์ก่อสร้าง | C5: 14 | D5: 7 | E5: 4
A6: 3 | B6: ไซต์ก่อสร้าง | C6: 25 | D6: 5 | E6: 4
A7: 4 | B7: ไซต์ก่อสร้าง | C7: 21 | D7: 15 | E7: 6
A8: 5 | B8: ไซต์ก่อสร้าง | C8: 4 | D8: 20 | E8: 4
A9: 6 | B9: ไซต์ก่อสร้าง | C9: 3 | D9: 18 | E9: 4
A10: 7 | B10: ไซต์ก่อสร้าง | C10: 5 | D10: 5 | E10: 4
A11: 8 | B11: ไซต์ก่อสร้าง | C11: 17 | D11: 32 | E11: 3
A12: 9 | B12: ไซต์ก่อสร้าง | C12: 6 | D12: 10 | E12: 4
A13: 10 | B13: ไซต์ก่อสร้าง | C13: 25 | D13: 36 | E13: 5
A14: 11 | B14: ไซต์ก่อสร้าง | C14: 23 | D14: 16 | E14: 5
A15: 12 | B15: ไซต์ก่อสร้าง | C15: 37 | D15: 4 | E15: 2
... A19: 16 | B19: ไซต์ก่อสร้าง | C19: 9 | D19: 23 | E19: 5
A20: รวม | E20: =SUM(E4:E19) -> 60
A22: หมายเหตุ: พิกัดและ Demand เป็นข้อมูลจำลองเพื่อการเรียนรู้ (ตามที่สไลด์อนุญาต "ตัวอย่างบริบทจำลองเพื่อการเรียนรู้") ไม่ใช่ข้อมูลจริงของ SCG

Sheet 3 ข้อจำกัด
A1: 3. ข้อจำกัด — กติกาที่คำตอบต้องผ่าน
A2: 5 กติกา CVRP มาตรฐาน (เหมือน Mission 2) + 1 กติกาใหม่ที่ Case นี้เพิ่มเข้ามา
A3: # | B3: ข้อจำกัด | C3: รายละเอียด
A4: 1 | B4: ครบทุกจุด (Node Coverage) | C4: ทุกไซต์ก่อสร้างต้องได้รับคอนกรีตครบตามที่สั่ง — ไปเยี่ยมเพียงครั้งเดียว
A5: 2 | B5: เริ่ม-จบที่คลัง (Depot Routing) | C5: ทุกเส้นทางของรถต้องเริ่มต้นและจบที่โรงงานผสม CPAC (คลัง)
A6: 3 | B6: ความจุ (Capacity) | C6: น้ำหนัก/ปริมาณที่บรรทุกต่อคันต้องไม่เกิน 10 ลบ.ม.
A7: 4 | B7: จำนวนรถ (Fleet Limit) | C7: ใช้รถได้ไม่เกิน 8 คัน (ตามจำนวนที่มีจริง)
A8: 5 | B8: ระยะทางแบบ EUC_2D | C8: คำนวณระยะทางแบบเส้นตรง (Euclidean) แล้วปัดเป็นจำนวนเต็ม
A9: 6 | B9: ความสด (ใหม่) | C9: ทุกไซต์ต้องได้รับคอนกรีตภายใน 90 นาทีหลังรถออกจากโรงงาน คำนวณจากระยะทางสะสม ÷ 30 กม./ชม. + เวลาเท 10 นาทีต่อไซต์ที่แวะก่อนหน้า (นิยามที่เข้มกว่านี้ทดสอบในชีต 9)

Sheet 4 วิธีการ
A1: 4. วิธีการ — Solver ทำงานอย่างไร
A2: ใช้ Solver ของ Mission 2 ตัวเดิมไม่แก้ไข (vrp_solver.py) แล้วเสียบกติกา "ความสด" ผ่านฟังก์ชัน route_ok ใน vrp_solver_case3.py
A3: ขั้นตอน | B3: ชื่อขั้นตอน | C3: ทำอะไร
A4: 1 | B4: อ่านไฟล์ (Parse) | C4: อ่าน NAME / CAPACITY / NODE_COORD_SECTION / DEMAND_SECTION / DEPOT_SECTION พร้อมฟิลด์เสริม FRESHNESS_LIMIT_MIN, SPEED_KMH, SERVICE_TIME_MIN (ถ้าไม่มีฟิลด์เหล่านี้ ทำงานเหมือน Mission 2)
A5: 2 | B5: คำนวณระยะทาง | C5: ระยะ EUC_2D ระหว่างทุกคู่จุด ปัดเป็นกิโลเมตรจำนวนเต็ม
A6: 3 | B6: สร้างเส้นทางเริ่มต้น (Mission 2) | C6: Clarke & Wright Savings สร้างแผนเริ่มต้นที่ผ่านเงื่อนไขความจุ
A7: 4 | B7: ขัดเกลาเส้นทาง (Mission 2) | C7: Relocate (ย้ายลูกค้า 1 จุด ถ้าเส้นทางว่างให้ยุบรถ), Swap (สลับลูกค้าข้ามคัน), 2-opt (ลบเส้นไขว้ในคัน) วนจนไม่ดีขึ้น → 241 กม. 7 คัน แต่สาย 1 เส้นทาง
A8: 5 | B8: ซ่อมเรื่องความสด — v1 | C8: ไล่เวลาสะสมของแต่ละเส้นทาง ถ้าจุดถัดไปจะถึงช้ากว่าขีดจำกัด ให้ตัดเส้นทางแล้วเริ่มรถคันใหม่ → 270 กม. 8 คัน
A9: 6 | B9: Time-aware re-optimisation — v2 (ใหม่) | C9: รัน Relocate / Swap / 2-opt ชุดเดิมซ้ำ โดย route_ok = ความจุ + เวลา ทำให้รวมคันที่ไม่จำเป็นกลับได้ (เช่น จุด 11 กับ 13) → 247 กม. 7 คัน
A10: 7 | B10: ตรวจสอบเงื่อนไข | C10: ตรวจครบทั้ง 6 ข้อ (5 ข้อเดิม + ความสด) กับแผนสุดท้าย
A11: 8 | B11: วัดคุณภาพ | C11: เทียบกับ exact optimum (set partitioning, ทำได้เพราะมี 15 ไซต์) และ baseline Nearest Neighbor ที่ทำตามกติกาเดียวกัน → Gap 0.00%, ดีกว่า NN 16.6%
A12: 9 | B12: สรุปผลลัพธ์ (Result Card) | C12: รายงานเส้นทางแต่ละคัน ปริมาณบรรทุก ระยะทาง เวลาถึงช้าสุด PASS/FAIL ทุกกติกา CO2 และ sensitivity (ดู result_cards_log.txt)

Sheet 5 เส้นทาง
A1: 5. เส้นทาง — ผลลัพธ์สุดท้าย (v2) | I1: ความจุ (ลบ.ม.): | J1: 10
A2: 1 เส้นทางต่อ 1 คัน จาก vrp_solver_case3.py (ไม่มีคำตอบ hard-code) ตัวเลขตรงกับ result_cards_log.txt
A3: คันที่ | B3: ลำดับเส้นทาง | C3: จุดแวะ | D3: บรรทุก (ลบ.ม.) | E3: % บรรทุก | F3: ระยะทาง (กม.) | G3: ถึงช้าสุด (นาที)
A4: คันที่ 1 | B4: 1 -> 4 -> 1 | C4: 1 | D4: 6 | E4: =D4/$J$1 -> 0.6 | F4: 10 | G4: 10
A5: คันที่ 2 | B5: 1 -> 11 -> 12 -> 13 -> 1 | C5: 3 | D5: 10 | E5: =D5/$J$1 -> 1 | F5: 47 | G5: 84
A6: คันที่ 3 | B6: 1 -> 2 -> 3 -> 1 | C6: 2 | D6: 8 | E6: =D6/$J$1 -> 0.8 | F6: 41 | G6: 60
A7: คันที่ 4 | B7: 1 -> 5 -> 6 -> 1 | C7: 2 | D7: 8 | E7: =D7/$J$1 -> 0.8 | F7: 35 | G7: 46
A8: คันที่ 5 | B8: 1 -> 14 -> 7 -> 9 -> 1 | C8: 3 | D8: 10 | E8: =D8/$J$1 -> 1 | F8: 43 | G8: 72
A9: คันที่ 6 | B9: 1 -> 16 -> 15 -> 1 | C9: 2 | D9: 10 | E9: =D9/$J$1 -> 1 | F9: 33 | G9: 50
A10: คันที่ 7 | B10: 1 -> 10 -> 8 -> 1 | C10: 2 | D10: 8 | E10: =D10/$J$1 -> 0.8 | F10: 38 | G10: 62
A11: รวม | C11: =SUM(C4:C10) -> 15 | D11: =SUM(D4:D10) -> 60 | E11: =D11/(COUNTA(A4:A10)*$J$1) -> 0.85714286 | F11: =SUM(F4:F10) -> 247 | G11: =MAX(G4:G10) -> 84
A13: หมายเหตุ: "ถึงช้าสุด" = เวลาที่รถไปถึงไซต์สุดท้ายของคันนั้น (นาทีหลังออกจากโรงงาน) คิดจากระยะทาง ÷ 30 กม./ชม. + 10 นาทีต่อไซต์ที่แวะก่อนหน้า · แถวรวมช่อง % บรรทุก = การใช้ความจุเฉลี่ยของรถที่ใช้

Sheet 6 ตรวจสอบ
A1: 6. ผลตรวจสอบ — Validator
A2: ตรวจทุกกติกาซ้ำ แยกจากขั้นตอนสร้างเส้นทาง (ช่อง "ผล" เป็นสูตร เปลี่ยนค่าในชีต 5 หรือภาพรวมแล้วผลจะอัปเดตเอง)
A3: ผล | B3: กติกา | C3: รายละเอียด
A4: =IF('5 เส้นทาง'!C11=ภาพรวม!B6,"ผ่าน","ไม่ผ่าน") -> ผ่าน | B4: ครบทุกจุด (Node Coverage) | C4: ="แวะรวม "&'5 เส้นทาง'!C11&" จุด จาก "&ภาพรวม!B6&" ไซต์" -> แวะรวม 15 จุด จาก 15 ไซต์
A5: ผ่าน | B5: ไม่ซ้ำ (Visited-once) | C5: ไม่มีไซต์ใดถูกเยี่ยมซ้ำ (ตรวจโดย check_feasibility ใน solver)
A6: =IF(COUNTIF('5 เส้นทาง'!D4:D10,">"&ภาพรวม!B7)=0,"ผ่าน","ไม่ผ่าน") -> ผ่าน | B6: ความจุ (Capacity) | C6: ="บรรทุกสูงสุด "&MAX('5 เส้นทาง'!D4:D10)&" ลบ.ม. (ความจุ "&ภาพรวม!B7&")" -> บรรทุกสูงสุด 10 ลบ.ม. (ความจุ 10)
A7: =IF(COUNTA('5 เส้นทาง'!A4:A10)<=ภาพรวม!B8,"ผ่าน","ไม่ผ่าน") -> ผ่าน | B7: จำนวนรถ (Fleet Limit) | C7: ="ใช้รถ "&COUNTA('5 เส้นทาง'!A4:A10)&" คัน (ไม่เกิน "&ภาพรวม!B8&" คัน)" -> ใช้รถ 7 คัน (ไม่เกิน 8 คัน)
A8: ผ่าน | B8: เริ่ม-จบที่คลัง (Depot Routing) | C8: ทุกเส้นทางเริ่มต้นและจบที่โรงงาน (โหนด 1)
A9: =IF('5 เส้นทาง'!G4<=ภาพรวม!$B$11,"ผ่าน","ไม่ผ่าน") -> ผ่าน | B9: ความสด (Freshness) | C9: ="เส้นทางที่ 1 ถึงช้าสุด "&'5 เส้นทาง'!G4&" นาที (ขีดจำกัด "&ภาพรวม!$B$11&" นาที)" -> เส้นทางที่ 1 ถึงช้าสุด 10 นาที (ขีดจำกัด 90 นาที)
A10: =IF('5 เส้นทาง'!G5<=ภาพรวม!$B$11,"ผ่าน","ไม่ผ่าน") -> ผ่าน | B10: ความสด (Freshness) | C10: ="เส้นทางที่ 2 ถึงช้าสุด "&'5 เส้นทาง'!G5&" นาที (ขีดจำกัด "&ภาพรวม!$B$11&" นาที)" -> เส้นทางที่ 2 ถึงช้าสุด 84 นาที (ขีดจำกัด 90 นาที)
A11: =IF('5 เส้นทาง'!G6<=ภาพรวม!$B$11,"ผ่าน","ไม่ผ่าน") -> ผ่าน | B11: ความสด (Freshness) | C11: ="เส้นทางที่ 3 ถึงช้าสุด "&'5 เส้นทาง'!G6&" นาที (ขีดจำกัด "&ภาพรวม!$B$11&" นาที)" -> เส้นทางที่ 3 ถึงช้าสุด 60 นาที (ขีดจำกัด 90 นาที)
A12: =IF('5 เส้นทาง'!G7<=ภาพรวม!$B$11,"ผ่าน","ไม่ผ่าน") -> ผ่าน | B12: ความสด (Freshness) | C12: ="เส้นทางที่ 4 ถึงช้าสุด "&'5 เส้นทาง'!G7&" นาที (ขีดจำกัด "&ภาพรวม!$B$11&" นาที)" -> เส้นทางที่ 4 ถึงช้าสุด 46 นาที (ขีดจำกัด 90 นาที)
A13: =IF('5 เส้นทาง'!G8<=ภาพรวม!$B$11,"ผ่าน","ไม่ผ่าน") -> ผ่าน | B13: ความสด (Freshness) | C13: ="เส้นทางที่ 5 ถึงช้าสุด "&'5 เส้นทาง'!G8&" นาที (ขีดจำกัด "&ภาพรวม!$B$11&" นาที)" -> เส้นทางที่ 5 ถึงช้าสุด 72 นาที (ขีดจำกัด 90 นาที)
A14: =IF('5 เส้นทาง'!G9<=ภาพรวม!$B$11,"ผ่าน","ไม่ผ่าน") -> ผ่าน | B14: ความสด (Freshness) | C14: ="เส้นทางที่ 6 ถึงช้าสุด "&'5 เส้นทาง'!G9&" นาที (ขีดจำกัด "&ภาพรวม!$B$11&" นาที)" -> เส้นทางที่ 6 ถึงช้าสุด 50 นาที (ขีดจำกัด 90 นาที)
A15: =IF('5 เส้นทาง'!G10<=ภาพรวม!$B$11,"ผ่าน","ไม่ผ่าน") -> ผ่าน | B15: ความสด (Freshness) | C15: ="เส้นทางที่ 7 ถึงช้าสุด "&'5 เส้นทาง'!G10&" นาที (ขีดจำกัด "&ภาพรวม!$B$11&" นาที)" -> เส้นทางที่ 7 ถึงช้าสุด 62 นาที (ขีดจำกัด 90 นาที)
A17: สรุปรวม: | B17: =IF(COUNTIF(A4:A15,"ไม่ผ่าน")=0,"ผ่านครบ 6 กติกา","ไม่ผ่าน") -> ผ่านครบ 6 กติกา

Sheet 7 เปรียบเทียบ
A1: 7. เปรียบเทียบ — พิสูจน์ว่าคำตอบดี
A2: เคสนี้มี 15 ไซต์ จึงคำนวณ exact optimum ได้ (set partitioning) ใช้เป็นไม้บรรทัดวัด Gap แทนการอ้าง "ไม่มีค่า Optimal" · ทุกแผนรันได้ใน notebook
A3: A. ทุกแผนที่ทดลอง (ระยะทาง / รถ / ความเป็นไปได้ / CO2)
A4: แผน | B4: ระยะทาง (กม.) | C4: จำนวนรถ | D4: ใช้งานได้จริงไหม | E4: Gap เทียบ Optimal | F4: CO2 ต่อรอบ (kg)
A5: เฉพาะความจุ (Solver Mission 2 ตามเดิม) | B5: 241 | C5: 7 | D5: ไม่ได้ (1 เส้นทางถึงนาทีที่ 94 เกิน 90) | E5: =(B5-$B$8)/$B$8 -> -0.024291498 | F5: =B5*'9 Green'!$B$4*'9 Green'!$B$5 -> 226.058
A6: + ความสด: repair อย่างเดียว (v1) | B6: 270 | C6: 8 | D6: ได้ แต่ใช้รถเกินจำเป็น 1 คัน | E6: =(B6-$B$8)/$B$8 -> 0.093117409 | F6: =B6*'9 Green'!$B$4*'9 Green'!$B$5 -> 253.26
A7: + ความสด: time-aware re-opt (v2) — แผนสุดท้าย | B7: ='5 เส้นทาง'!F11 -> 247 | C7: =COUNTA('5 เส้นทาง'!A4:A10) -> 7 | D7: ได้ (ทุกไซต์ถึงภายใน 84 นาที) | E7: =(B7-$B$8)/$B$8 -> 0 | F7: =B7*'9 Green'!$B$4*'9 Green'!$B$5 -> 231.686
A8: Exact optimum (อ้างอิง, รวมกติกาความสด) | B8: 247 | C8: 7 | D8: ได้ | E8: =(B8-$B$8)/$B$8 -> 0 | F8: =B8*'9 Green'!$B$4*'9 Green'!$B$5 -> 231.686
A9: Nearest Neighbor (baseline, เคารพกติกาเดียวกัน) | B9: 296 | C9: 8 | D9: ได้ | E9: =(B9-$B$8)/$B$8 -> 0.19838057 | F9: =B9*'9 Green'!$B$4*'9 Green'!$B$5 -> 277.648
A11: B. ตัวชี้วัดคุณภาพของแผนสุดท้าย
A12: ตัวชี้วัด | B12: ค่า | D12: ความหมาย
A13: Gap เทียบ exact optimum | B13: =E7 -> 0 | D13: 0% = เท่ากับคำตอบที่ดีที่สุดเท่าที่เป็นไปได้
A14: ดีขึ้นกว่า Nearest Neighbor | B14: =(B9-B7)/B9 -> 0.16554054 | D14: ระยะทางสั้นกว่า baseline ที่ทำตามกติกาเดียวกัน
A15: ต้นทุนของกติกาความสด (กม.) | B15: =B7-B5 -> 6 | D15: ระยะที่ต้องเพิ่มเพื่อให้คอนกรีตถึงทันเวลา
A16: ต้นทุนของกติกาความสด (คัน) | B16: =C7-C5 -> 0 | D16: ไม่ต้องเพิ่มรถเลย
A17: ลดลงจากแผน v1 (กม.) | B17: =B6-B7 -> 23 | D17: ผลของขั้น time-aware re-optimisation (รวมจุด 11 กับ 13)
A19: อ่านตาราง: แผน v1 ผ่านกติกาทุกข้อแต่แพงกว่า optimal 9.3% และใช้รถเกิน 1 คัน การวัด Gap กับ exact optimum ทำให้เห็นปัญหานี้ จึงเพิ่มขั้น time-aware re-optimisation ได้แผน v2 ที่เท่ากับ optimal · CO2 ใช้สมมติฐานในชีต 9

Sheet 8 บทเรียน
A1: 8. บทเรียน — ทีมได้เรียนรู้อะไร
A2: ข้อสรุปสำคัญ พร้อมข้อจำกัดและแนวทางพัฒนาต่อ (จับคู่ทีละข้อ)
A3: ข้อสรุปสำคัญ
A4: 1) ต้นทุนของกติกาความสดเล็กกว่าที่คิด: แผนที่ดูแค่ความจุได้ 241 กม. แต่ใช้จริงไม่ได้ แผนที่ดีที่สุดที่ผ่านกติกาเวลาคือ 247 กม. (+6 กม., +2.5%) และไม่ต้องเพิ่มรถ 2) Feasible ยังไม่พอ ต้องวัดคุณภาพด้วย: แผน v1 (270 กม. / 8 คัน) ผ่านทุกกติกาแต่แพงกว่า optimal 9.3% เมื่อให้ local search รู้จักกติกาเวลา (v2) ได้ 247 กม. / 7 คัน = optimal 3) Generalized Solver ใช้ได้จริง: กติกาใหม่เสียบผ่านฟังก์ชัน route_ok จุดเดียว ไม่ต้องแก้ solver ของ Mission 2 และผล Mission 2 ยังเหมือนเดิม
A8: ข้อจำกัด | B8: แนวทางพัฒนาต่อ
A9: ติดหลุมคำตอบดีเฉพาะที่ (Local Optimum) — P-n40-k5 ยังมี Gap 12.23% | B9: Multi-start (รัน Clarke-Wright หลายแบบ) + Simulated Annealing / Tabu Search เพื่อหนีหลุม
A10: ย้าย/สลับทีละ 1 จุด — เมื่อเวลาตึง (70 นาที) Gap ขึ้นเป็น ~4% | B10: Or-opt แบบย้ายเป็นกลุ่ม 2–3 จุดติดกัน
A11: 2-opt ทำงานแค่ในคันเดียว — ยังมีเส้นไขว้ระหว่างคัน | B11: 2-opt* ให้ 2 คันแลกช่วงเส้นทางกัน
A12: ระยะเส้นตรง ความเร็วคงที่ รอบจ่ายงานเดียว | B12: ระยะถนนจริง + ข้อมูลจราจร + รถวิ่งหลายเที่ยว (Google OR-Tools)
A13: ไม่มี time window ของแต่ละไซต์ และไม่แบ่งส่ง (1 ไซต์ = 1 คัน) | B13: VRPTW + split delivery สำหรับงานเทขนาดใหญ่
A14: Exact optimum ใช้ได้แค่เคสเล็ก (~15 ไซต์) | B14: ใช้ lower bound หรือ solver เชิงพาณิชย์เป็นไม้บรรทัดเมื่อโจทย์ใหญ่ขึ้น

Sheet 9 Green
A1: 9. Green Logistics & Sensitivity
A2: ระยะทาง → น้ำมัน → CO2 และผลเมื่อกติกาความสดเข้มขึ้น · ช่องสีน้ำเงิน = สมมติฐานที่แก้ได้
A3: สมมติฐาน (Input)
A4: อัตราสิ้นเปลืองรถโม่งบรรทุกเต็ม (ลิตร/กม.) | B4: 0.35 | C4: สมมติฐาน ควรยืนยันกับข้อมูล fleet จริงของ CPAC
A5: Emission factor ดีเซล (kg CO2/ลิตร) | B5: 2.68 | C5: ค่า default ตาม IPCC 2006 (~74.1 kg CO2/GJ × ~36 MJ/ลิตร)
A6: จำนวนรอบจ่ายงานต่อปี | B6: 300 | C6: ตัวอย่าง: วันละ 1 รอบ × 300 วันทำงาน
A8: CO2 ของแต่ละแผน
A9: แผน | B9: ระยะทาง (กม.) | C9: ดีเซล (ลิตร) | D9: CO2 ต่อรอบ (kg) | E9: CO2 ต่อปี (ตัน)
A10: Nearest Neighbor (baseline) | B10: ='7 เปรียบเทียบ'!B9 -> 296 | C10: =B10*$B$4 -> 103.6 | D10: =C10*$B$5 -> 277.648 | E10: =D10*$B$6/1000 -> 83.2944
A11: Repair อย่างเดียว (v1) | B11: ='7 เปรียบเทียบ'!B6 -> 270 | C11: =B11*$B$4 -> 94.5 | D11: =C11*$B$5 -> 253.26 | E11: =D11*$B$6/1000 -> 75.978
A12: Time-aware (v2) — แผนสุดท้าย | B12: ='7 เปรียบเทียบ'!B7 -> 247 | C12: =B12*$B$4 -> 86.45 | D12: =C12*$B$5 -> 231.686 | E12: =D12*$B$6/1000 -> 69.5058
A13: ลดได้เทียบ Nearest Neighbor | B13: =B10-B12 -> 49 | C13: =C10-C12 -> 17.15 | D13: =D10-D12 -> 45.962 | E13: =E10-E12 -> 13.7886
A14: ลดได้เทียบแผน v1 | B14: =B11-B12 -> 23 | C14: =C11-C12 -> 8.05 | D14: =D11-D12 -> 21.574 | E14: =E11-E12 -> 6.4722
A15: กติกาความสดเพิ่มระยะเพียง 6 กม. (ประมาณ 5.6 kg CO2 ต่อรอบ) แต่ป้องกันคอนกรีตเสียทั้งเที่ยว คาร์บอนจากปูนซีเมนต์ในคอนกรีตอยู่ในระดับหลักร้อย kg ต่อ ลบ.ม. จึงสูงกว่าหลายเท่า (ควรอ้างค่าจาก EPD ของ CPAC เมื่อนำเสนอจริง)
A18: Sensitivity: ถ้านิยาม 90 นาทีเข้มขึ้น (70 นาที = 90 − โหลด 10 − เทจุดสุดท้าย 10)
A19: เวลาถึงไซต์สูงสุด (นาที) | B19: Solver (กม.) | C19: Solver (คัน) | D19: Exact (กม.) | E19: Exact (คัน) | F19: Gap
A20: 90 | B20: 247 | C20: 7 | D20: 247 | E20: 7 | F20: =(B20-D20)/D20 -> 0
A21: 80 | B21: 248 | C21: 7 | D21: 248 | E21: 7 | F21: =(B21-D21)/D21 -> 0
A22: 70 | B22: 258 | C22: 7 | D22: 248 | E22: 7 | F22: =(B22-D22)/D22 -> 0.040322581
A23: 60 | B23: 289 | C23: 8 | D23: 277 | E23: 8 | F23: =(B23-D23)/D23 -> 0.0433213
A24: ผลจากฟังก์ชัน sensitivity() ใน vrp_solver_case3.py: รถ 7 คันยังพอถึงระดับ 70 นาที แต่เมื่อเวลาตึงมาก local search ที่ย้ายทีละจุดห่างจาก optimal ~4% (แนวทางแก้อยู่ในชีต 8)
